slug,name,category,primaryMuscles,secondaryMuscles,equipment,difficulty,movementPattern,isUnilateral,isCompound,description,setupInstructions,formCues,videoUrl,alternativeExerciseIds,tags
barbell-bench-press-flat,Barbell Bench Press (Flat),chest,chest,triceps;shoulders,barbell;bench,intermediate,push,false,true,,,Retract scapula;Maintain arch in lower back;Bar path slightly diagonal;Touch chest at nipple line,,,fundamental;strength
barbell-incline-bench-press,Barbell Incline Bench Press,chest,chest;shoulders,triceps,barbell;bench,intermediate,push,false,true,,,Set bench to 30-45 degrees;Keep elbows at 45-degree angle;Press slightly back toward face,,,upper-chest
barbell-decline-bench-press,Barbell Decline Bench Press,chest,chest,triceps;shoulders,barbell;bench,intermediate,push,false,true,,,Secure feet in decline position;Control descent carefully;Press toward lower chest,,,lower-chest
barbell-close-grip-bench-press,Barbell Close-Grip Bench Press,chest,triceps;chest,shoulders,barbell;bench,intermediate,push,false,true,,,Hands shoulder-width or closer;Keep elbows tucked;Touch lower chest,,,tricep-emphasis
barbell-floor-press,Barbell Floor Press,chest,chest;triceps,shoulders,barbell,intermediate,push,false,true,,,Lie on floor;Pause when elbows touch ground;Removes leg drive,,,lockout-strength
barbell-guillotine-press,Barbell Guillotine Press,chest,chest,shoulders;triceps,barbell;bench,advanced,push,false,true,,,Lower to neck/upper chest;Flare elbows more;Use lighter weight;Requires spotter,,,upper-chest;advanced-technique
dumbbell-bench-press-flat,Dumbbell Bench Press (Flat),chest,chest,triceps;shoulders,dumbbell;bench,beginner,push,false,true,,,Greater range of motion than barbell;Keep wrists neutral;Control descent,,,beginner-friendly
dumbbell-incline-bench-press,Dumbbell Incline Bench Press,chest,chest;shoulders,triceps,dumbbell;bench,beginner,push,false,true,,,30-45 degree angle;Press up and slightly together;Full stretch at bottom,,,upper-chest
dumbbell-decline-bench-press,Dumbbell Decline Bench Press,chest,chest,triceps;shoulders,dumbbell;bench,beginner,push,false,true,,,,,,lower-chest
dumbbell-fly-flat,Dumbbell Fly (Flat),chest,chest,shoulders,dumbbell;bench,beginner,push,false,false,,,Slight bend in elbows;Arc motion;Squeeze at top;Controlled stretch at bottom,,,isolation;stretch-focused
dumbbell-incline-fly,Dumbbell Incline Fly,chest,chest,shoulders,dumbbell;bench,beginner,push,false,false,,,Maintain elbow angle;Feel stretch in upper chest;Don't go too heavy,,,isolation;upper-chest
dumbbell-decline-fly,Dumbbell Decline Fly,chest,chest,,dumbbell;bench,beginner,push,false,false,,,,,,isolation;lower-chest
dumbbell-floor-press,Dumbbell Floor Press,chest,chest;triceps,shoulders,dumbbell,beginner,push,false,true,,,,,,beginner-friendly;lockout-strength
dumbbell-pullover,Dumbbell Pullover,chest,chest;lats,triceps,dumbbell;bench,intermediate,pull,false,true,,,Lie perpendicular or along bench;Keep hips down;Arc motion over head;Feel stretch in lats/chest,,,hybrid-movement
dumbbell-squeeze-press,Dumbbell Squeeze Press,chest,chest,triceps,dumbbell;bench,beginner,push,false,true,,,Press dumbbells together throughout;Constant tension;Focus on inner chest squeeze,,,inner-chest;constant-tension
dumbbell-hex-press,Dumbbell Hex Press,chest,chest,triceps,dumbbell;bench,beginner,push,false,true,,,Press palms together;Keep dumbbells touching;Press away from chest,,,inner-chest
chest-press-machine,Chest Press Machine,chest,chest,triceps;shoulders,machine,beginner,push,false,true,,,,,,beginner-friendly;machine
incline-chest-press-machine,Incline Chest Press Machine,chest,chest;shoulders,triceps,machine,beginner,push,false,true,,,,,,beginner-friendly;upper-chest
decline-chest-press-machine,Decline Chest Press Machine,chest,chest,triceps,machine,beginner,push,false,true,,,,,,beginner-friendly;lower-chest
pec-deck-fly,Pec Deck Fly,chest,chest,,machine,beginner,push,false,false,,,Adjust seat height;Keep back against pad;Squeeze at peak contraction;Control negative,,,isolation;beginner-friendly
cable-crossover-high-to-low,Cable Crossover (High to Low),chest,chest,,cable,intermediate,push,false,false,,,Start with arms high and wide;Pull down and across body;Squeeze at bottom,,,lower-chest;isolation
cable-crossover-low-to-high,Cable Crossover (Low to High),chest,chest,shoulders,cable,intermediate,push,false,false,,,Start with handles low;Press up and across;Emphasizes upper chest,,,upper-chest;isolation
cable-crossover-mid-level,Cable Crossover (Mid Level),chest,chest,,cable,intermediate,push,false,false,,,Handles at shoulder height;Bring hands together in front;Slight forward lean,,,isolation
single-arm-cable-fly,Single Arm Cable Fly,chest,chest,abs;obliques,cable,intermediate,push,true,false,,,Brace core for stability;Control rotation;Full range of motion,,,isolation;unilateral;core-stability
lever-chest-press-hammer-strength,Lever Chest Press (Hammer Strength),chest,chest,triceps;shoulders,machine,beginner,push,false,true,,,,,,machine;plate-loaded
push-up,Push-up,chest,chest,triceps;shoulders;abs,bodyweight,beginner,push,false,true,,,Hands shoulder-width;Body in straight line;Elbows 45 degrees;Full range of motion,,,beginner-friendly;bodyweight;fundamental
wide-grip-push-up,Wide-Grip Push-up,chest,chest,shoulders;triceps,bodyweight,beginner,push,false,true,,,Hands wider than shoulders;Emphasizes chest stretch,,,bodyweight;chest-emphasis
close-grip-push-up,Close-Grip Push-up,chest,triceps;chest,shoulders,bodyweight,intermediate,push,false,true,,,Hands close together;Elbows tight to body;Tricep emphasis,,,bodyweight;tricep-emphasis
decline-push-up,Decline Push-up,chest,chest;shoulders,triceps,bodyweight;box,intermediate,push,false,true,,,Feet elevated;More shoulder/upper chest emphasis;Maintain body alignment,,,bodyweight;upper-chest
incline-push-up,Incline Push-up,chest,chest,triceps;shoulders,bodyweight;box,beginner,push,false,true,,,Hands elevated;Easier variation;Good for beginners,,,beginner-friendly;bodyweight;regression
diamond-push-up,Diamond Push-up,chest,triceps,chest;shoulders,bodyweight,advanced,push,false,true,,,Hands form diamond shape;Very tricep-focused;Keep elbows tight,,,bodyweight;tricep-emphasis;advanced
archer-push-up,Archer Push-up,chest,chest,triceps;shoulders,bodyweight,advanced,push,true,true,,,Shift weight to one side;Opposite arm straight;Progression toward one-arm push-up,,,bodyweight;unilateral;advanced
plyometric-push-up,Plyometric Push-up,chest,chest,triceps;shoulders,bodyweight,advanced,plyometric,false,true,,,Explosive push;Hands leave ground;Soft landing;Clap optional,,,bodyweight;explosive;advanced
dips-chest-focused,Dips (Chest Focused),chest,chest;triceps,shoulders,dip-bar,intermediate,push,false,true,,,Lean forward;Wider grip if possible;Full stretch at bottom;Flare elbows slightly,,,bodyweight;lower-chest
ring-dips,Ring Dips,chest,chest;triceps,shoulders;abs,suspension,advanced,push,false,true,,,Control ring instability;Turn rings out at top;Requires significant strength and stability,,,bodyweight;advanced;stability
barbell-bent-over-row-overhand,Barbell Bent Over Row (Overhand),back,lats;traps,biceps;rear-delts;lower-back,barbell,intermediate,pull,false,true,,,Hip hinge to 45 degrees;Pull to lower chest/upper abs;Squeeze shoulder blades;Keep core tight,,,fundamental;strength
barbell-bent-over-row-underhand,Barbell Bent Over Row (Underhand),back,lats;biceps,traps;rear-delts,barbell,intermediate,pull,false,true,,,Supinated grip;More bicep involvement;Pull to lower abs,,,bicep-emphasis
barbell-pendlay-row,Barbell Pendlay Row,back,lats;traps,biceps;rear-delts,barbell,intermediate,pull,false,true,,,Torso parallel to ground;Bar starts from floor each rep;Explosive pull;Dead stop between reps,,,strength;explosive
barbell-t-bar-row,Barbell T-Bar Row,back,lats;traps,biceps;rear-delts,barbell,intermediate,pull,false,true,,,One end anchored;Pull to chest;Various handle options,,,thickness
barbell-yates-row,Barbell Yates Row,back,lats;traps,biceps,barbell,intermediate,pull,false,true,,,More upright torso (30 degrees);Underhand grip;Pull to lower chest;Allows heavier weight,,,mass-builder
barbell-seal-row,Barbell Seal Row,back,lats;traps,biceps;rear-delts,barbell;bench,intermediate,pull,false,true,,,Lie prone on elevated bench;Removes lower back strain;Strict form,,,isolation;low-back-friendly
barbell-landmine-row,Barbell Landmine Row,back,lats,traps;biceps;abs,barbell,beginner,pull,false,true,,,One end anchored in corner;Staggered stance;Pull to hip,,,beginner-friendly;core-stability
barbell-deadlift-conventional,Barbell Deadlift (Conventional),back,lower-back;glutes;hamstrings,traps;lats;quads;forearms,barbell,intermediate,hinge,false,true,,,Hip-width stance;Neutral spine;Drive through heels;Hinge at hips;Bar stays close to body,,,fundamental;strength;full-body
barbell-deadlift-sumo,Barbell Deadlift (Sumo),back,glutes;quads;lower-back,hamstrings;traps;forearms,barbell,intermediate,hinge,false,true,,,Wide stance;Toes out;More upright torso;Arms inside legs;More quad emphasis,,,strength;glute-emphasis
barbell-romanian-deadlift,Barbell Romanian Deadlift,back,hamstrings;glutes,lower-back;traps,barbell,intermediate,hinge,false,true,,,Start from top;Slight knee bend;Push hips back;Feel stretch in hamstrings;Bar stays close,,,hamstring-focus;hypertrophy
barbell-stiff-leg-deadlift,Barbell Stiff-Leg Deadlift,back,hamstrings,glutes;lower-back,barbell,intermediate,hinge,false,true,,,Minimal knee bend;Maximum hamstring stretch;Use lighter weight;Focus on eccentric,,,hamstring-focus;flexibility
barbell-rack-pull,Barbell Rack Pull,back,traps;lower-back,lats;forearms,barbell,intermediate,hinge,false,true,,,Bar starts at knee height or higher;Focus on lockout strength;Overload top portion;Shrug at top,,,lockout-strength;trap-emphasis
dumbbell-bent-over-row-two-arm,Dumbbell Bent Over Row (Two-Arm),back,lats;traps,biceps;rear-delts,dumbbell,beginner,pull,false,true,,,Hip hinge;Pull to hips;Control the weight,,,beginner-friendly
dumbbell-single-arm-row,Dumbbell Single-Arm Row,back,lats,traps;biceps;rear-delts,dumbbell;bench,beginner,pull,true,true,,,Support with opposite hand/knee;Pull to hip;Rotate slightly at top;Full stretch at bottom,,,beginner-friendly;unilateral
dumbbell-chest-supported-row,Dumbbell Chest-Supported Row,back,lats;traps,biceps;rear-delts,dumbbell;bench,beginner,pull,false,true,,,Lie prone on incline bench;Removes lower back from equation;Strict form,,,beginner-friendly;low-back-friendly
dumbbell-romanian-deadlift,Dumbbell Romanian Deadlift,back,hamstrings;glutes,lower-back,dumbbell,beginner,hinge,false,true,,,Dumbbells at sides or in front;Hip hinge;Feel hamstring stretch,,,beginner-friendly;hamstring-focus
dumbbell-seal-row,Dumbbell Seal Row,back,lats;traps,biceps,dumbbell;bench,intermediate,pull,false,true,,,,,,low-back-friendly
dumbbell-incline-row,Dumbbell Incline Row,back,lats;traps,biceps;rear-delts,dumbbell;bench,beginner,pull,false,true,,,,,,beginner-friendly
dumbbell-renegade-row,Dumbbell Renegade Row,back,lats,abs;obliques;shoulders,dumbbell,advanced,pull,true,true,,,Plank position on dumbbells;Row one side while stabilizing;Minimize rotation;Core intensive,,,unilateral;core-stability;full-body
dumbbell-kroc-row,Dumbbell Kroc Row,back,lats;traps,biceps;forearms,dumbbell,advanced,pull,true,true,,,Heavy weight;Some body english allowed;High reps;Grip strength builder,,,unilateral;strength;grip-training
dumbbell-shrug,Dumbbell Shrug,back,traps,forearms,dumbbell,beginner,pull,false,false,,,Shrug shoulders straight up;Pause at top;Don't roll shoulders;Control descent,,,isolation;trap-focus
lat-pulldown-wide-grip,Lat Pulldown (Wide Grip),back,lats,biceps;traps,cable;machine,beginner,pull,false,true,,,Pull to upper chest;Squeeze shoulder blades;Control the weight;Lean back slightly,,,beginner-friendly;width-focus
lat-pulldown-close-grip,Lat Pulldown (Close Grip),back,lats,biceps,cable;machine,beginner,pull,false,true,,,V-bar or close grip handle;Pull to chest;More bicep involvement,,,beginner-friendly
lat-pulldown-underhand,Lat Pulldown (Underhand),back,lats;biceps,traps,cable;machine,beginner,pull,false,true,,,Supinated grip;Pull to upper chest;Emphasizes lower lats and biceps,,,beginner-friendly;bicep-emphasis
lat-pulldown-neutral-grip,Lat Pulldown (Neutral Grip),back,lats,biceps;traps,cable;machine,beginner,pull,false,true,,,Palms facing each other;Natural grip position;Shoulder-friendly,,,beginner-friendly;joint-friendly
lat-pulldown-single-arm,Lat Pulldown (Single Arm),back,lats,biceps;obliques,cable;machine,intermediate,pull,true,true,,,Fix imbalances;Greater range of motion;Core stability required,,,unilateral;core-stability
seated-cable-row-wide-grip,Seated Cable Row (Wide Grip),back,lats;traps,biceps;rear-delts,cable,beginner,pull,false,true,,,Pull to lower chest;Squeeze shoulder blades;Keep torso upright;Don't rock,,,beginner-friendly;thickness
seated-cable-row-close-grip,Seated Cable Row (Close Grip),back,lats,biceps;traps,cable,beginner,pull,false,true,,,V-bar attachment;Pull to abs;Keep elbows close,,,beginner-friendly
seated-cable-row-neutral-grip,Seated Cable Row (Neutral Grip),back,lats;traps,biceps,cable,beginner,pull,false,true,,,,,,beginner-friendly
seated-cable-row-single-arm,Seated Cable Row (Single Arm),back,lats,biceps;obliques,cable,intermediate,pull,true,true,,,Allow some torso rotation;Greater range of motion;Core engagement,,,unilateral;core-stability
cable-face-pull,Cable Face Pull,back,rear-delts;traps,biceps,cable,beginner,pull,false,true,,,Rope attachment;Pull to face level;Externally rotate shoulders;Great for shoulder health,,,shoulder-health;rear-delt-focus
cable-straight-arm-pulldown,Cable Straight Arm Pulldown,back,lats,,cable,beginner,pull,false,false,,,Keep arms straight;Slight bend at elbow;Pull down in arc motion;Isolates lats,,,isolation;lat-focus;mind-muscle
cable-pullover,Cable Pullover,back,lats,chest,cable,intermediate,pull,false,false,,,High cable position;Pull down and back;Feel lat stretch,,,isolation
t-bar-row-machine,T-Bar Row Machine,back,lats;traps,biceps;rear-delts,machine,beginner,pull,false,true,,,,,,beginner-friendly;thickness
chest-supported-row-machine,Chest-Supported Row Machine,back,lats;traps,biceps;rear-delts,machine,beginner,pull,false,true,,,,,,beginner-friendly;low-back-friendly
lever-row-hammer-strength,Lever Row (Hammer Strength),back,lats;traps,biceps,machine,beginner,pull,false,true,,,,,,beginner-friendly;plate-loaded
assisted-pull-up-machine,Assisted Pull-up Machine,back,lats,biceps;traps,machine,beginner,pull,false,true,,,Counterweight assists movement;Good for building to full pull-ups;Various grip options,,,beginner-friendly;progression
back-extension-machine,Back Extension Machine,back,lower-back,glutes;hamstrings,machine,beginner,hinge,false,true,,,Adjust pad to hips;Hinge at hips;Don't hyperextend;Squeeze glutes at top,,,beginner-friendly;lower-back-focus
reverse-pec-deck,Reverse Pec Deck,back,rear-delts,traps,machine,beginner,pull,false,false,,,Face machine;Push handles back;Squeeze shoulder blades;Chest against pad,,,isolation;rear-delt-focus;beginner-friendly
pull-up-overhand,Pull-up (Overhand),back,lats,biceps;traps;forearms,pull-up-bar,intermediate,pull,false,true,,,Pronated grip;Pull chest to bar;Full extension at bottom;Control descent,,,bodyweight;fundamental
pull-up-underhand,Pull-up (Underhand/Chin-up),back,lats;biceps,traps,pull-up-bar,intermediate,pull,false,true,,,Supinated grip;More bicep emphasis;Often easier than overhand,,,bodyweight;bicep-emphasis
pull-up-neutral-grip,Pull-up (Neutral Grip),back,lats,biceps;traps,pull-up-bar,intermediate,pull,false,true,,,Palms facing each other;Shoulder-friendly;Requires parallel bars,,,bodyweight;joint-friendly
pull-up-wide-grip,Pull-up (Wide Grip),back,lats,traps,pull-up-bar,advanced,pull,false,true,,,Hands wider than shoulders;Emphasizes lat width;Harder variation,,,bodyweight;width-focus;advanced
inverted-row,Inverted Row,back,lats;traps,biceps;rear-delts,barbell;smith-machine,beginner,pull,false,true,,,Body under bar;Pull chest to bar;Keep body straight;Great for beginners,,,bodyweight;beginner-friendly;horizontal-pull
muscle-up,Muscle-up,back,lats;triceps;chest,shoulders;abs,pull-up-bar,expert,pull,false,true,,,Explosive pull-up;Transition over bar;Dip to lockout;Requires significant strength,,,bodyweight;advanced;explosive;skill-based
ring-row,Ring Row,back,lats;traps,biceps;rear-delts,suspension,beginner,pull,false,true,,,Adjust difficulty with foot position;Pull to chest;Keep body straight,,,bodyweight;beginner-friendly;scalable
barbell-overhead-press-standing,Barbell Overhead Press (Standing),shoulders,shoulders,triceps;traps;abs,barbell,intermediate,push,false,true,,,Start at shoulders;Press overhead;Lockout arms;Brace core;Bar path straight up,,,fundamental;strength;full-body
barbell-overhead-press-seated,Barbell Overhead Press (Seated),shoulders,shoulders,triceps;traps,barbell;bench,intermediate,push,false,true,,,Removes leg drive;Strict pressing;Back support optional,,,isolation;strict-press
barbell-push-press,Barbell Push Press,shoulders,shoulders,triceps;quads;glutes,barbell,intermediate,push,false,true,,,Slight knee dip;Explosive drive;Use leg momentum;Allows heavier weight,,,explosive;olympic-derivative
barbell-behind-neck-press,Barbell Behind-the-Neck Press,shoulders,shoulders,triceps;traps,barbell,advanced,push,false,true,,,Requires good shoulder mobility;Bar behind head;Higher injury risk;Use lighter weight,,,advanced;mobility-required
barbell-bradford-press,Barbell Bradford Press,shoulders,shoulders,triceps;traps,barbell,advanced,push,false,true,,,Press front to back of head;Constant tension;Light weight;Great for hypertrophy,,,advanced;constant-tension;hypertrophy
barbell-upright-row,Barbell Upright Row,shoulders,shoulders;traps,biceps,barbell,intermediate,pull,false,true,,,Pull bar to chin;Elbows high and wide;Can cause shoulder impingement;Wide grip safer,,,trap-emphasis;caution-required
dumbbell-shoulder-press-seated,Dumbbell Shoulder Press (Seated),shoulders,shoulders,triceps;traps,dumbbell;bench,beginner,push,false,true,,,Start at shoulders;Press up and slightly in;Don't bang dumbbells together;Control descent,,,beginner-friendly;fundamental
dumbbell-shoulder-press-standing,Dumbbell Shoulder Press (Standing),shoulders,shoulders,triceps;abs;traps,dumbbell,intermediate,push,false,true,,,Requires core stability;More functional;Can alternate arms,,,core-stability;functional
dumbbell-arnold-press,Dumbbell Arnold Press,shoulders,shoulders,triceps,dumbbell;bench,intermediate,push,false,true,,,Start palms facing you;Rotate as you press;Finish palms forward;Greater ROM,,,hypertrophy;rotation
dumbbell-lateral-raise,Dumbbell Lateral Raise,shoulders,shoulders,,dumbbell,beginner,push,false,false,,,Raise to sides;Slight forward angle;Elbow leads;Control descent;Don't go too heavy,,,isolation;lateral-delt-focus;beginner-friendly
dumbbell-front-raise,Dumbbell Front Raise,shoulders,shoulders,,dumbbell,beginner,push,false,false,,,Raise to front;Stop at shoulder height;Can alternate arms;Control momentum,,,isolation;front-delt-focus
dumbbell-rear-delt-fly,Dumbbell Rear Delt Fly,shoulders,rear-delts,traps,dumbbell,beginner,pull,false,false,,,Bend at hips;Raise to sides;Lead with elbows;Squeeze shoulder blades,,,isolation;rear-delt-focus;posture
dumbbell-bent-over-lateral-raise,Dumbbell Bent Over Lateral Raise,shoulders,rear-delts,traps,dumbbell,beginner,pull,false,false,,,Torso parallel to floor;Raise dumbbells to sides;Focus on rear delts,,,isolation;rear-delt-focus
dumbbell-upright-row,Dumbbell Upright Row,shoulders,shoulders;traps,biceps,dumbbell,intermediate,pull,false,true,,,Pull to chin level;Elbows high;Can cause impingement,,,trap-emphasis;caution-required
dumbbell-scaption,Dumbbell Scaption,shoulders,shoulders,,dumbbell,beginner,push,false,false,,,Raise at 30-45 degree angle;Between front and lateral raise;Shoulder health exercise,,,shoulder-health;prehab
dumbbell-cuban-press,Dumbbell Cuban Press,shoulders,shoulders;rear-delts,traps,dumbbell,intermediate,push,false,true,,,Upright row;External rotation;Press overhead;Complex movement;Light weight,,,shoulder-health;complex;mobility
dumbbell-w-press,Dumbbell W-Press,shoulders,shoulders,triceps,dumbbell;bench,intermediate,push,false,true,,,Elbows at 90 degrees form W;Press up;Unique angle;Targets lateral delts,,,variation
machine-shoulder-press,Machine Shoulder Press,shoulders,shoulders,triceps,machine,beginner,push,false,true,,,Adjust seat height;Fixed path;Good for beginners or burnout sets,,,beginner-friendly;machine
cable-lateral-raise,Cable Lateral Raise,shoulders,shoulders,,cable,beginner,push,true,false,,,Constant tension;One arm at a time;Cable from opposite side,,,isolation;unilateral;constant-tension
cable-front-raise,Cable Front Raise,shoulders,shoulders,,cable,beginner,push,false,false,,,Low cable position;Rope or bar attachment;Constant tension,,,isolation;constant-tension
cable-rear-delt-fly,Cable Rear Delt Fly,shoulders,rear-delts,,cable,beginner,pull,false,false,,,Cross cables;Pull to sides;Constant tension;Squeeze rear delts,,,isolation;rear-delt-focus;constant-tension
cable-upright-row,Cable Upright Row,shoulders,shoulders;traps,biceps,cable,intermediate,pull,false,true,,,Low cable;Pull to chin;Constant tension,,,trap-emphasis;constant-tension
cable-face-pull-rear-delt,Cable Face Pull (Rear Delt Focus),shoulders,rear-delts;traps,,cable,beginner,pull,false,true,,,High cable;Rope attachment;Pull to face;External rotation;Great for shoulder health,,,shoulder-health;rear-delt-focus;posture
pike-push-up,Pike Push-up,shoulders,shoulders,triceps,bodyweight,intermediate,push,false,true,,,Inverted V position;Head between arms;Lower to floor;Progression toward HSPU,,,bodyweight;vertical-push
handstand-push-up,Handstand Push-up,shoulders,shoulders,triceps;traps,bodyweight,expert,push,false,true,,,Against wall or freestanding;Lower head to floor;Press back up;Requires significant strength and balance,,,bodyweight;advanced;vertical-push;skill-based
wall-walk,Wall Walk,shoulders,shoulders,abs;triceps,bodyweight,advanced,push,false,true,,,Start in plank;Walk feet up wall;Walk hands toward wall;Reverse to descend,,,bodyweight;functional;core-stability
plate-front-raise,Plate Front Raise,shoulders,shoulders,,plate,beginner,push,false,false,,,Hold plate with both hands;Raise to shoulder height;Control descent,,,isolation
plate-lateral-raise,Plate Lateral Raise,shoulders,shoulders,,plate,intermediate,push,false,false,,,Hold plate in front;Raise to sides while keeping flat;Difficult movement,,,isolation;advanced-technique
band-pull-apart,Band Pull-Apart,shoulders,rear-delts,traps,bands,beginner,pull,false,false,,,Hold band in front;Pull apart to sides;Squeeze shoulder blades;Great for warm-up and shoulder health,,,shoulder-health;prehab;warm-up
barbell-curl-standing,Barbell Curl (Standing),arms,biceps,forearms,barbell,beginner,pull,false,false,,,Shoulder-width grip;Elbows at sides;Curl to shoulders;Control descent;No swinging,,,fundamental;isolation
barbell-curl-ez-bar,Barbell Curl (EZ-Bar),arms,biceps,forearms,ez-bar,beginner,pull,false,false,,,Angled grip reduces wrist strain;More comfortable for many;Same execution as straight bar,,,isolation;joint-friendly
barbell-preacher-curl,Barbell Preacher Curl,arms,biceps,,barbell;bench,beginner,pull,false,false,,,Arms on preacher pad;Removes momentum;Strict form;Full stretch at bottom,,,isolation;strict-form
barbell-preacher-curl-ez-bar,Barbell Preacher Curl (EZ-Bar),arms,biceps,,ez-bar;bench,beginner,pull,false,false,,,More wrist-friendly than straight bar;Strict isolation,,,isolation;joint-friendly
barbell-spider-curl,Barbell Spider Curl,arms,biceps,,barbell;bench,intermediate,pull,false,false,,,Lean over back of preacher bench;Arms hanging vertical;Short range but intense peak contraction,,,isolation;peak-contraction
barbell-drag-curl,Barbell Drag Curl,arms,biceps,,barbell,intermediate,pull,false,false,,,Bar stays close to body;Drag up torso;Elbows go back;Less front delt involvement,,,isolation;bicep-emphasis
barbell-close-grip-curl,Barbell Close-Grip Curl,arms,biceps,forearms,barbell,beginner,pull,false,false,,,Hands closer than shoulders;Emphasizes outer bicep (long head),,,isolation;long-head-focus
barbell-wide-grip-curl,Barbell Wide-Grip Curl,arms,biceps,,barbell,beginner,pull,false,false,,,Hands wider than shoulders;Emphasizes inner bicep (short head),,,isolation;short-head-focus
barbell-reverse-curl,Barbell Reverse Curl,arms,forearms;biceps,,barbell,beginner,pull,false,false,,,Overhand grip;Targets brachioradialis;Forearm emphasis;Use lighter weight,,,forearm-focus;grip-strength
barbell-21s,Barbell 21s,arms,biceps,,barbell,intermediate,pull,false,false,,,7 reps bottom half;7 reps top half;7 reps full range;Intense pump technique,,,hypertrophy;intensity-technique
dumbbell-bicep-curl-standing,Dumbbell Bicep Curl (Standing),arms,biceps,forearms,dumbbell,beginner,pull,false,false,,,Can do both arms or alternating;Full supination at top;Control descent,,,fundamental;isolation;beginner-friendly
dumbbell-bicep-curl-seated,Dumbbell Bicep Curl (Seated),arms,biceps,,dumbbell;bench,beginner,pull,false,false,,,Removes momentum;Stricter form;Can alternate or together,,,isolation;strict-form
dumbbell-alternating-curl,Dumbbell Alternating Curl,arms,biceps,,dumbbell,beginner,pull,true,false,,,One arm at a time;Focus on working arm;Full supination,,,isolation;unilateral
dumbbell-hammer-curl,Dumbbell Hammer Curl,arms,biceps;forearms,,dumbbell,beginner,pull,false,false,,,Neutral grip (palms facing);Targets brachialis;Adds arm thickness,,,isolation;forearm-emphasis
dumbbell-cross-body-hammer-curl,Dumbbell Cross-Body Hammer Curl,arms,biceps;forearms,,dumbbell,beginner,pull,true,false,,,Curl across body;Neutral grip;Emphasizes brachialis,,,isolation;unilateral
dumbbell-concentration-curl,Dumbbell Concentration Curl,arms,biceps,,dumbbell;bench,beginner,pull,true,false,,,Seated;Elbow braced on thigh;Maximum isolation;Great for peak contraction,,,isolation;unilateral;peak-contraction
dumbbell-incline-curl,Dumbbell Incline Curl,arms,biceps,,dumbbell;bench,intermediate,pull,false,false,,,Bench at 45-60 degrees;Arms hang behind body;Great stretch;Emphasizes long head,,,isolation;stretch-focused;long-head-focus
dumbbell-preacher-curl,Dumbbell Preacher Curl,arms,biceps,,dumbbell;bench,beginner,pull,true,false,,,One arm at a time;Strict form;Full stretch at bottom,,,isolation;unilateral;strict-form
dumbbell-spider-curl,Dumbbell Spider Curl,arms,biceps,,dumbbell;bench,intermediate,pull,false,false,,,Lean over back of bench;Arms hanging;Peak contraction focus,,,isolation;peak-contraction
dumbbell-zottman-curl,Dumbbell Zottman Curl,arms,biceps;forearms,,dumbbell,intermediate,pull,false,false,,,Curl up supinated;Rotate to pronated at top;Lower pronated;Rotate back at bottom;Hits biceps and forearms,,,forearm-emphasis;complex
dumbbell-reverse-curl,Dumbbell Reverse Curl,arms,forearms;biceps,,dumbbell,beginner,pull,false,false,,,Overhand grip;Forearm emphasis;Brachioradialis focus,,,forearm-focus
cable-curl-straight-bar,Cable Curl (Straight Bar),arms,biceps,,cable,beginner,pull,false,false,,,Constant tension;Control throughout;Great for pump,,,isolation;constant-tension
cable-curl-ez-bar,Cable Curl (EZ-Bar),arms,biceps,,cable,beginner,pull,false,false,,,Angled grip;Constant tension;Joint-friendly,,,isolation;constant-tension;joint-friendly
cable-curl-rope,Cable Curl (Rope),arms,biceps,,cable,beginner,pull,false,false,,,Neutral to supinated grip;Can separate rope at top;Great contraction,,,isolation;constant-tension
cable-hammer-curl,Cable Hammer Curl,arms,biceps;forearms,,cable,beginner,pull,false,false,,,Rope attachment;Neutral grip;Constant tension on brachialis,,,isolation;constant-tension
cable-preacher-curl,Cable Preacher Curl,arms,biceps,,cable;bench,intermediate,pull,false,false,,,Arms on preacher pad;Cable provides constant tension;Strict isolation,,,isolation;constant-tension
cable-high-curl,Cable High Curl,arms,biceps,shoulders,cable,intermediate,pull,false,false,,,High cable position;Curl toward head;Arms elevated;Peak contraction focus,,,isolation;peak-contraction
cable-bayesian-curl,Cable Bayesian Curl,arms,biceps,,cable,intermediate,pull,true,false,,,Back to cable;Arm behind body;Maximum stretch on long head;Single arm,,,isolation;unilateral;stretch-focused;long-head-focus
machine-preacher-curl,Machine Preacher Curl,arms,biceps,,machine,beginner,pull,false,false,,,Adjust seat;Fixed path;Good for beginners,,,isolation;beginner-friendly
machine-bicep-curl,Machine Bicep Curl,arms,biceps,,machine,beginner,pull,false,false,,,Various machine types;Fixed path;Beginner-friendly,,,isolation;beginner-friendly
barbell-skull-crusher-flat,Barbell Skull Crusher (Flat),arms,triceps,,barbell;bench,intermediate,push,false,false,,,Lower to forehead/behind head;Keep elbows stationary;Control the weight;Also called lying tricep extension,,,isolation;mass-builder
barbell-skull-crusher-incline,Barbell Skull Crusher (Incline),arms,triceps,,barbell;bench,intermediate,push,false,false,,,Bench at 30-45 degrees;Greater stretch;Emphasizes long head,,,isolation;long-head-focus
barbell-skull-crusher-decline,Barbell Skull Crusher (Decline),arms,triceps,,barbell;bench,intermediate,push,false,false,,,Decline bench;Different angle;Reduced shoulder stress,,,isolation
barbell-skull-crusher-ez-bar,Barbell Skull Crusher (EZ-Bar),arms,triceps,,ez-bar;bench,intermediate,push,false,false,,,Angled grip more comfortable;Reduces elbow strain;Most popular variation,,,isolation;joint-friendly
barbell-jm-press,Barbell JM Press,arms,triceps,chest,barbell;bench,advanced,push,false,true,,,Hybrid of close-grip bench and skull crusher;Lower to neck/upper chest;Elbows come forward;Advanced technique,,,compound;advanced-technique
barbell-overhead-tricep-extension,Barbell Overhead Tricep Extension,arms,triceps,,barbell,intermediate,push,false,false,,,Standing or seated;Bar overhead;Lower behind head;Great long head stretch,,,isolation;long-head-focus;stretch-focused
dumbbell-overhead-tricep-extension-two-arm,Dumbbell Overhead Tricep Extension (Two-Arm),arms,triceps,,dumbbell,beginner,push,false,false,,,Hold one dumbbell with both hands;Lower behind head;Great stretch on long head,,,isolation;long-head-focus
dumbbell-overhead-tricep-extension-single-arm,Dumbbell Overhead Tricep Extension (Single-Arm),arms,triceps,,dumbbell,beginner,push,true,false,,,One arm at a time;Lower behind head;Fix imbalances;Maximum stretch,,,isolation;unilateral;long-head-focus
dumbbell-skull-crusher,Dumbbell Skull Crusher,arms,triceps,,dumbbell;bench,intermediate,push,false,false,,,Lower to sides of head;Neutral or pronated grip;Greater range than barbell,,,isolation
dumbbell-kickback,Dumbbell Kickback,arms,triceps,,dumbbell,beginner,push,true,false,,,Hinge at hips;Elbow at side;Extend arm back;Squeeze at top;Control descent,,,isolation;unilateral;peak-contraction
dumbbell-tate-press,Dumbbell Tate Press,arms,triceps,,dumbbell;bench,intermediate,push,false,false,,,Elbows out to sides;Lower to chest;Unique angle;Emphasizes lateral head,,,isolation;lateral-head-focus
dumbbell-close-grip-press,Dumbbell Close-Grip Press,arms,triceps,chest,dumbbell;bench,intermediate,push,false,true,,,Dumbbells touching;Press together throughout;Elbows tucked,,,compound
cable-tricep-pushdown-straight-bar,Cable Tricep Pushdown (Straight Bar),arms,triceps,,cable,beginner,push,false,false,,,High cable;Elbows at sides;Push down to full extension;Control return;Most popular tricep exercise,,,isolation;beginner-friendly;fundamental
cable-tricep-pushdown-v-bar,Cable Tricep Pushdown (V-Bar),arms,triceps,,cable,beginner,push,false,false,,,Angled grip;More comfortable for many;Similar to straight bar,,,isolation;beginner-friendly
cable-tricep-pushdown-rope,Cable Tricep Pushdown (Rope),arms,triceps,,cable,beginner,push,false,false,,,Rope attachment;Split rope at bottom;Turn hands out;Great lateral head activation,,,isolation;lateral-head-focus
cable-overhead-tricep-extension-rope,Cable Overhead Tricep Extension (Rope),arms,triceps,,cable,intermediate,push,false,false,,,Low cable position;Face away;Extend overhead;Great long head stretch;Constant tension,,,isolation;long-head-focus;constant-tension
cable-overhead-tricep-extension-single-arm,Cable Overhead Tricep Extension (Single Arm),arms,triceps,,cable,intermediate,push,true,false,,,Low cable;One arm at a time;Face away;Fix imbalances,,,isolation;unilateral;long-head-focus
cable-kickback,Cable Kickback,arms,triceps,,cable,beginner,push,true,false,,,Low cable;Hinge at hips;Extend arm back;Constant tension,,,isolation;unilateral;constant-tension
machine-tricep-extension,Machine Tricep Extension,arms,triceps,,machine,beginner,push,false,false,,,Various machine types;Fixed path;Good for beginners,,,isolation;beginner-friendly
machine-tricep-dip,Machine Tricep Dip,arms,triceps,chest,machine,beginner,push,false,true,,,Assisted or plate-loaded;Good progression to bodyweight dips,,,compound;beginner-friendly
dips-tricep-focused,Dips (Tricep Focused),arms,triceps,chest;shoulders,dip-bar,intermediate,push,false,true,,,Keep body upright;Elbows back and tight;Narrow grip;Full lockout at top,,,bodyweight;compound;mass-builder
barbell-back-squat-high-bar,Barbell Back Squat (High Bar),legs,quads;glutes,hamstrings;abs;lower-back,barbell,intermediate,squat,false,true,,,Bar on traps;More upright torso;More quad emphasis;Depth to parallel or below;Drive through heels,,,fundamental;strength;quad-emphasis
barbell-back-squat-low-bar,Barbell Back Squat (Low Bar),legs,glutes;quads,hamstrings;lower-back,barbell,intermediate,squat,false,true,,,Bar on rear delts;More forward lean;More hip hinge;More glute/hamstring emphasis;Can lift more weight,,,fundamental;strength;powerlifting
barbell-front-squat,Barbell Front Squat,legs,quads,glutes;abs,barbell,advanced,squat,false,true,,,Bar on front delts;Very upright torso;Maximum quad emphasis;High core demand;Requires mobility,,,quad-emphasis;olympic-derivative;core-intensive
barbell-box-squat,Barbell Box Squat,legs,glutes;quads,hamstrings,barbell;box,intermediate,squat,false,true,,,Squat to box;Pause on box;Explosive stand;Builds explosive power;Teaches depth,,,explosive;powerlifting
barbell-zercher-squat,Barbell Zercher Squat,legs,quads;glutes,abs;biceps;upper-back,barbell,advanced,squat,false,true,,,Bar in elbow crooks;Very upright;Unique loading;High core demand;Can be uncomfortable,,,full-body;core-intensive;unique
barbell-split-squat,Barbell Split Squat,legs,quads;glutes,hamstrings,barbell,intermediate,lunge,true,true,,,Staggered stance;Lower back knee;Vertical shin on front leg;Static position,,,unilateral;balance
barbell-bulgarian-split-squat,Barbell Bulgarian Split Squat,legs,quads;glutes,hamstrings,barbell;bench,advanced,lunge,true,true,,,Back foot elevated;Front leg works;Very challenging;Great for hypertrophy,,,unilateral;balance;hypertrophy
barbell-lunge-forward,Barbell Lunge (Forward),legs,quads;glutes,hamstrings;calves,barbell,intermediate,lunge,true,true,,,Step forward;Lower back knee;Push back to start;Alternate legs,,,unilateral;functional
barbell-reverse-lunge,Barbell Reverse Lunge,legs,quads;glutes,hamstrings,barbell,intermediate,lunge,true,true,,,Step backward;Lower knee;Return to start;Easier on knees than forward lunge,,,unilateral;knee-friendly
barbell-walking-lunge,Barbell Walking Lunge,legs,quads;glutes,hamstrings;calves,barbell,intermediate,lunge,true,true,,,Continuous forward motion;Alternate legs;Requires space;Great for conditioning,,,unilateral;functional;conditioning
barbell-step-up,Barbell Step-up,legs,quads;glutes,hamstrings;calves,barbell;box,intermediate,lunge,true,true,,,Step onto box;Drive through front heel;Stand fully;Control descent,,,unilateral;functional
barbell-hack-squat,Barbell Hack Squat,legs,quads,glutes;hamstrings,barbell,advanced,squat,false,true,,,Bar behind legs;Heels elevated;Squat down;Unique old-school exercise,,,quad-emphasis;old-school
dumbbell-goblet-squat,Dumbbell Goblet Squat,legs,quads;glutes,abs,dumbbell,beginner,squat,false,true,,,Hold dumbbell at chest;Upright torso;Great for learning squat pattern;Beginner-friendly,,,beginner-friendly;fundamental;teaching-tool
dumbbell-front-squat,Dumbbell Front Squat,legs,quads,glutes;abs,dumbbell,beginner,squat,false,true,,,Dumbbells on shoulders;Upright posture;Quad emphasis,,,beginner-friendly;quad-emphasis
dumbbell-split-squat,Dumbbell Split Squat,legs,quads;glutes,hamstrings,dumbbell,beginner,lunge,true,true,,,Staggered stance;Dumbbells at sides;Lower back knee,,,beginner-friendly;unilateral
dumbbell-bulgarian-split-squat,Dumbbell Bulgarian Split Squat,legs,quads;glutes,hamstrings,dumbbell;bench,intermediate,lunge,true,true,,,Back foot elevated;Dumbbells at sides;Easier to balance than barbell version,,,unilateral;hypertrophy
dumbbell-lunge-forward,Dumbbell Lunge (Forward),legs,quads;glutes,hamstrings,dumbbell,beginner,lunge,true,true,,,Step forward;Dumbbells at sides;Easier balance than barbell,,,beginner-friendly;unilateral
dumbbell-reverse-lunge,Dumbbell Reverse Lunge,legs,quads;glutes,hamstrings,dumbbell,beginner,lunge,true,true,,,Step backward;Knee-friendly;Good for beginners,,,beginner-friendly;unilateral;knee-friendly
dumbbell-walking-lunge,Dumbbell Walking Lunge,legs,quads;glutes,hamstrings;calves,dumbbell,intermediate,lunge,true,true,,,Continuous forward steps;Dumbbells at sides;Great for conditioning,,,unilateral;conditioning
dumbbell-lateral-lunge,Dumbbell Lateral Lunge,legs,quads;glutes,hip-flexors,dumbbell,intermediate,lunge,true,true,,,Step to side;Keep opposite leg straight;Hip mobility;Lateral movement pattern,,,unilateral;lateral-movement;mobility
dumbbell-step-up,Dumbbell Step-up,legs,quads;glutes,hamstrings,dumbbell;box,beginner,lunge,true,true,,,Dumbbells at sides;Step onto box;Drive through heel,,,beginner-friendly;unilateral
dumbbell-sumo-squat,Dumbbell Sumo Squat,legs,quads;glutes,hip-flexors,dumbbell,beginner,squat,false,true,,,Wide stance;Toes out;Hold dumbbell between legs;More inner thigh emphasis,,,beginner-friendly;glute-emphasis
leg-press-45-degree,Leg Press (45-Degree),legs,quads;glutes,hamstrings,machine,beginner,push,false,true,,,Feet hip-width;Lower with control;Don't round lower back;Great for volume;Can load heavy safely,,,beginner-friendly;mass-builder;machine
leg-press-vertical,Leg Press (Vertical),legs,quads,glutes,machine,beginner,push,false,true,,,Lie on back;Push platform up;More quad emphasis,,,beginner-friendly;quad-emphasis
leg-press-horizontal,Leg Press (Horizontal),legs,quads;glutes,hamstrings,machine,beginner,push,false,true,,,Seated upright;Push platform forward,,,beginner-friendly
hack-squat-machine,Hack Squat Machine,legs,quads,glutes,machine,beginner,squat,false,true,,,Back against pad;Shoulders under pads;More upright than squat;Heavy quad emphasis;Fixed path,,,beginner-friendly;quad-emphasis;mass-builder
leg-extension,Leg Extension,legs,quads,,machine,beginner,push,false,false,,,Adjust back pad;Extend legs;Squeeze at top;Control descent;Pure quad isolation,,,isolation;beginner-friendly;quad-focus
smith-machine-squat,Smith Machine Squat,legs,quads;glutes,hamstrings,smith-machine,beginner,squat,false,true,,,Fixed vertical path;Can lean back slightly;Good for beginners;Requires less stabilization,,,beginner-friendly;machine
smith-machine-front-squat,Smith Machine Front Squat,legs,quads,glutes,smith-machine,beginner,squat,false,true,,,Bar on front delts;Fixed path easier to balance;Quad emphasis,,,beginner-friendly;quad-emphasis
smith-machine-bulgarian-split-squat,Smith Machine Bulgarian Split Squat,legs,quads;glutes,hamstrings,smith-machine;bench,intermediate,lunge,true,true,,,Fixed path helps with balance;Back foot elevated,,,unilateral;beginner-friendly
pendulum-squat,Pendulum Squat,legs,quads,glutes,machine,beginner,squat,false,true,,,Arc motion;Deep stretch;Very quad-focused;Unique machine,,,beginner-friendly;quad-emphasis;stretch-focused
belt-squat-machine,Belt Squat Machine,legs,quads;glutes,hamstrings,machine,beginner,squat,false,true,,,Weight hangs from belt;No spinal loading;Great for back issues;High volume work,,,beginner-friendly;low-back-friendly;injury-friendly
bodyweight-squat,Bodyweight Squat,legs,quads;glutes,hamstrings,bodyweight,beginner,squat,false,true,,,Fundamental movement;Depth practice;High reps for conditioning;Good warm-up,,,beginner-friendly;bodyweight;fundamental;warm-up
jump-squat,Jump Squat,legs,quads;glutes,calves,bodyweight,intermediate,plyometric,false,true,,,Squat down;Explosive jump;Soft landing;Power development,,,bodyweight;explosive;plyometric
pistol-squat,Pistol Squat,legs,quads,glutes;hamstrings,bodyweight,expert,squat,true,true,,,Single leg squat;Other leg extended;Requires significant strength and mobility;Balance intensive,,,bodyweight;unilateral;advanced;skill-based
sissy-squat,Sissy Squat,legs,quads,,bodyweight,advanced,squat,false,false,,,Lean back;Knees forward;Intense quad stretch;Can be hard on knees;Old-school exercise,,,bodyweight;quad-isolation;advanced;stretch-focused
bulgarian-split-squat-bodyweight,Bulgarian Split Squat (Bodyweight),legs,quads;glutes,hamstrings,bodyweight;bench,beginner,lunge,true,true,,,Back foot elevated;Good starting point before adding weight,,,beginner-friendly;bodyweight;unilateral
lunge-bodyweight,Lunge (Bodyweight),legs,quads;glutes,hamstrings,bodyweight,beginner,lunge,true,true,,,Forward or reverse;Great for beginners;High reps for conditioning,,,beginner-friendly;bodyweight;fundamental
wall-sit,Wall Sit,legs,quads,,bodyweight,beginner,isometric,false,false,,,Back against wall;Thighs parallel to floor;Hold for time;Isometric exercise,,,bodyweight;isometric;endurance;beginner-friendly
barbell-good-morning,Barbell Good Morning,legs,hamstrings;lower-back,glutes,barbell,advanced,hinge,false,true,,,Bar on back;Hip hinge forward;Keep back neutral;Feel hamstring stretch;Requires good form,,,hamstring-focus;lower-back;advanced-technique
barbell-hip-thrust,Barbell Hip Thrust,legs,glutes,hamstrings,barbell;bench,intermediate,hinge,false,true,,,Upper back on bench;Bar over hips;Drive hips up;Squeeze glutes;Best glute exercise,,,glute-emphasis;hypertrophy
barbell-glute-bridge,Barbell Glute Bridge,legs,glutes,hamstrings,barbell,beginner,hinge,false,true,,,Lie on floor;Bar over hips;Drive hips up;Easier than hip thrust,,,glute-emphasis;beginner-friendly
dumbbell-stiff-leg-deadlift-hamstring,Dumbbell Stiff-Leg Deadlift,legs,hamstrings,glutes;lower-back,dumbbell,beginner,hinge,false,true,,,Minimal knee bend;Maximum stretch,,,hamstring-focus;stretch-focused
dumbbell-single-leg-romanian-deadlift,Dumbbell Single-Leg Romanian Deadlift,legs,hamstrings;glutes,lower-back;abs,dumbbell,intermediate,hinge,true,true,,,Balance on one leg;Other leg extends back;Hip hinge;Great for balance and stability,,,unilateral;balance;hamstring-focus
dumbbell-single-leg-deadlift,Dumbbell Single-Leg Deadlift,legs,hamstrings;glutes,lower-back,dumbbell,intermediate,hinge,true,true,,,Similar to single-leg RDL;Can touch floor;Balance challenge,,,unilateral;balance;functional
dumbbell-hip-thrust,Dumbbell Hip Thrust,legs,glutes,hamstrings,dumbbell;bench,beginner,hinge,false,true,,,Upper back on bench;Dumbbell on hips;Drive up;Squeeze glutes,,,glute-emphasis;beginner-friendly
dumbbell-glute-bridge,Dumbbell Glute Bridge,legs,glutes,hamstrings,dumbbell,beginner,hinge,false,true,,,Lie on floor;Dumbbell on hips;Drive hips up,,,glute-emphasis;beginner-friendly
lying-leg-curl,Lying Leg Curl,legs,hamstrings,,machine,beginner,pull,false,false,,,Lie face down;Curl heels to glutes;Squeeze at top;Control descent;Hamstring isolation,,,isolation;beginner-friendly;hamstring-focus
seated-leg-curl,Seated Leg Curl,legs,hamstrings,,machine,beginner,pull,false,false,,,Seated position;Curl heels under;Different hamstring angle than lying;Pure isolation,,,isolation;beginner-friendly;hamstring-focus
standing-leg-curl,Standing Leg Curl,legs,hamstrings,,machine,beginner,pull,true,false,,,One leg at a time;Standing position;Curl heel to glute;Unilateral work,,,isolation;unilateral;beginner-friendly
nordic-hamstring-curl,Nordic Hamstring Curl,legs,hamstrings,,bodyweight,advanced,pull,false,false,,,Knees anchored;Lower body forward;Eccentric focus;Very difficult;Great for injury prevention,,,bodyweight;eccentric;advanced;injury-prevention
glute-ham-raise,Glute-Ham Raise (GHR),legs,hamstrings;glutes,lower-back,machine,advanced,pull,false,true,,,Feet anchored;Lower torso;Curl back up;Very challenging;Complete posterior chain,,,advanced;hamstring-focus;glute-focus
cable-pull-through,Cable Pull-Through,legs,glutes;hamstrings,lower-back,cable,beginner,hinge,false,true,,,Low cable;Rope between legs;Hip hinge;Drive hips forward;Great for learning hip hinge,,,beginner-friendly;glute-emphasis;teaching-tool
smith-machine-hip-thrust,Smith Machine Hip Thrust,legs,glutes,hamstrings,smith-machine;bench,beginner,hinge,false,true,,,Upper back on bench;Bar fixed path;Easier to set up than barbell,,,glute-emphasis;beginner-friendly
barbell-sumo-deadlift-glute,Barbell Sumo Deadlift,legs,glutes;quads,hamstrings;lower-back,barbell,intermediate,hinge,false,true,,,Wide stance;Toes out;More glute emphasis than conventional,,,glute-emphasis;strength
barbell-wide-stance-squat,Barbell Wide-Stance Squat,legs,glutes;quads,hamstrings,barbell,intermediate,squat,false,true,,,Wider than shoulder width;Toes out;More glute and inner thigh activation,,,glute-emphasis
dumbbell-single-leg-glute-bridge,Dumbbell Single-Leg Glute Bridge,legs,glutes,hamstrings,dumbbell,intermediate,hinge,true,true,,,One leg extended;Drive through planted foot;Fix imbalances,,,glute-emphasis;unilateral
dumbbell-frog-pump,Dumbbell Frog Pump,legs,glutes,,dumbbell,beginner,hinge,false,false,,,"Feet together, knees out;Pump hips up;Short range, high reps;Great glute pump",,,glute-emphasis;isolation;pump
bodyweight-glute-bridge,Bodyweight Glute Bridge,legs,glutes,hamstrings,bodyweight,beginner,hinge,false,true,,,Lie on floor;Drive hips up;Squeeze glutes;Great for activation,,,bodyweight;beginner-friendly;activation
single-leg-glute-bridge,Single-Leg Glute Bridge,legs,glutes,hamstrings,bodyweight,beginner,hinge,true,true,,,One leg extended;Bodyweight only;Good for activation,,,bodyweight;unilateral;activation
fire-hydrant,Fire Hydrant,legs,glutes,,bodyweight,beginner,push,true,false,,,On hands and knees;Lift knee to side;Dog at fire hydrant position;Glute activation,,,bodyweight;unilateral;activation;glute-med-focus
donkey-kick,Donkey Kick,legs,glutes,hamstrings,bodyweight,beginner,push,true,false,,,On hands and knees;Kick heel up and back;Squeeze glute;Can add ankle weights,,,bodyweight;unilateral;isolation
frog-pump,Frog Pump,legs,glutes,,bodyweight,beginner,hinge,false,false,,,"Feet together, knees out;High rep glute pumps;Burn out exercise",,,bodyweight;isolation;pump;finisher
hip-thrust-machine,Hip Thrust Machine,legs,glutes,hamstrings,machine,beginner,hinge,false,true,,,Specialized machine;Easy setup;Consistent resistance,,,glute-emphasis;beginner-friendly;machine
glute-kickback-machine,Glute Kickback Machine,legs,glutes,,machine,beginner,push,true,false,,,Pad on one leg;Push back;Squeeze glute;Isolated movement,,,isolation;unilateral;beginner-friendly
abductor-machine,Abductor Machine (Hip Abduction),legs,glutes,,machine,beginner,push,false,false,,,Seated;Push legs apart;Targets glute medius;Hip health,,,isolation;glute-med-focus;beginner-friendly
barbell-standing-calf-raise,Barbell Standing Calf Raise,legs,calves,,barbell,beginner,push,false,false,,,Bar on back;Rise onto toes;Full stretch at bottom;Squeeze at top,,,isolation;calf-focus
barbell-seated-calf-raise,Barbell Seated Calf Raise,legs,calves,,barbell;bench,beginner,push,false,false,,,Bar on thighs;Seated position;Targets soleus more,,,isolation;soleus-focus
dumbbell-standing-calf-raise,Dumbbell Standing Calf Raise,legs,calves,,dumbbell,beginner,push,false,false,,,Dumbbells at sides;Rise onto toes;Can do on step for greater ROM,,,isolation;beginner-friendly
dumbbell-seated-calf-raise,Dumbbell Seated Calf Raise,legs,calves,,dumbbell;bench,beginner,push,false,false,,,Dumbbells on thighs;Rise up on toes;Targets soleus,,,isolation;beginner-friendly;soleus-focus
dumbbell-single-leg-calf-raise,Dumbbell Single-Leg Calf Raise,legs,calves,,dumbbell,beginner,push,true,false,,,One leg at a time;Fix imbalances;Balance challenge,,,isolation;unilateral
standing-calf-raise-machine,Standing Calf Raise Machine,legs,calves,,machine,beginner,push,false,false,,,Shoulders under pads;Rise onto toes;Full ROM;Targets gastrocnemius,,,isolation;beginner-friendly;machine
seated-calf-raise-machine,Seated Calf Raise Machine,legs,calves,,machine,beginner,push,false,false,,,Knees under pads;Rise up;Targets soleus more;Different angle than standing,,,isolation;beginner-friendly;soleus-focus
leg-press-calf-raise,Leg Press Calf Raise,legs,calves,,machine,beginner,push,false,false,,,On leg press machine;Toes on platform;Press with calves only;Can load heavy,,,isolation;beginner-friendly
smith-machine-calf-raise,Smith Machine Calf Raise,legs,calves,,smith-machine,beginner,push,false,false,,,Bar on back;Fixed path;Stand on block;Good for heavy loading,,,isolation;beginner-friendly
donkey-calf-raise,Donkey Calf Raise,legs,calves,,machine,beginner,push,false,false,,,Bent over position;Pad on lower back;Old-school exercise;Great calf stretch,,,isolation;old-school;stretch-focused
bodyweight-calf-raise,Bodyweight Calf Raise,legs,calves,,bodyweight,beginner,push,false,false,,,Rise onto toes;Can do anywhere;High reps;Good for endurance,,,bodyweight;beginner-friendly;endurance
crunch,Crunch,core,abs,,bodyweight,beginner,push,false,false,,,Lie on back;Curl shoulders up;Don't pull on neck;Fundamental ab exercise,,,bodyweight;beginner-friendly;isolation
reverse-crunch,Reverse Crunch,core,abs,,bodyweight,beginner,pull,false,false,,,Bring knees to chest;Curl hips off floor;Targets lower abs;Control descent,,,bodyweight;beginner-friendly;lower-abs
bicycle-crunch,Bicycle Crunch,core,abs;obliques,,bodyweight,beginner,rotation,false,false,,,Alternating elbow to opposite knee;Pedaling motion;Hits abs and obliques;Great compound core move,,,bodyweight;beginner-friendly;obliques
russian-twist,Russian Twist,core,obliques;abs,,bodyweight,beginner,rotation,false,false,,,"Seated, leaned back;Rotate side to side;Can hold weight;Oblique emphasis",,,bodyweight;beginner-friendly;obliques
sit-up,Sit-up,core,abs,hip-flexors,bodyweight,beginner,push,false,false,,,Full range;Sit all the way up;Classic exercise;Can strain lower back for some,,,bodyweight;beginner-friendly;full-range
v-up,V-up,core,abs,hip-flexors,bodyweight,intermediate,push,false,false,,,Lie flat;Bring hands and feet together;Form V shape;Challenging exercise,,,bodyweight;full-body-abs
hollow-body-hold,Hollow Body Hold,core,abs,,bodyweight,intermediate,isometric,false,false,,,Lie on back;Lift shoulders and legs;Lower back pressed to floor;Hold position;Gymnastics staple,,,bodyweight;isometric;gymnastics
dead-bug,Dead Bug,core,abs,,bodyweight,beginner,anti-rotation,false,false,,,Lie on back;Opposite arm and leg extend;Keep lower back flat;Great for beginners;Core stability,,,bodyweight;beginner-friendly;stability;anti-rotation
bird-dog,Bird Dog,core,abs;lower-back,glutes,bodyweight,beginner,anti-rotation,true,false,,,On hands and knees;Extend opposite arm and leg;Balance and stability;Core and back strength,,,bodyweight;beginner-friendly;stability;balance
mountain-climber,Mountain Climber,core,abs,shoulders;hip-flexors,bodyweight,beginner,push,false,true,,,Plank position;Drive knees to chest alternating;Fast pace;Cardio and core,,,bodyweight;cardio;dynamic
plank-forearm,Plank (Forearm),core,abs,shoulders;lower-back,bodyweight,beginner,isometric,false,false,,,Forearms on ground;Body straight;Hold position;Fundamental core exercise;Don't let hips sag,,,bodyweight;beginner-friendly;isometric;fundamental
plank-high,Plank (High/Straight Arm),core,abs,shoulders,bodyweight,beginner,isometric,false,false,,,Hands on ground;Arms straight;Body in line;Slightly easier than forearm plank,,,bodyweight;beginner-friendly;isometric
side-plank,Side Plank,core,obliques,abs;shoulders,bodyweight,intermediate,isometric,true,false,,,On one forearm;Body straight sideways;Hips up;Hold;Great for obliques,,,bodyweight;isometric;obliques;unilateral
ab-wheel-rollout,Ab Wheel Rollout,core,abs,shoulders;lats,ab-wheel,advanced,push,false,true,,,Kneel or standing;Roll wheel forward;Return with abs;Very difficult;Great core builder,,,advanced;full-body;compound
hanging-knee-raise,Hanging Knee Raise,core,abs,hip-flexors,pull-up-bar,intermediate,pull,false,false,,,Hang from bar;Bring knees to chest;Control swing;Lower abs focus,,,intermediate;lower-abs;hanging
hanging-leg-raise,Hanging Leg Raise,core,abs,hip-flexors;forearms,pull-up-bar,advanced,pull,false,false,,,Hang from bar;Raise legs to parallel or higher;Keep legs straight;Very challenging,,,advanced;lower-abs;hanging
hanging-leg-raise-straight,Hanging Leg Raise (Straight Leg),core,abs,hip-flexors,pull-up-bar,advanced,pull,false,false,,,Legs completely straight;Most difficult hanging ab exercise,,,advanced;lower-abs
toes-to-bar,Toes to Bar,core,abs,hip-flexors;lats,pull-up-bar,expert,pull,false,true,,,Hang from bar;Touch toes to bar;Full ROM;CrossFit staple;Requires skill and strength,,,expert;full-range;skill-based
l-sit,L-Sit,core,abs;hip-flexors,shoulders;triceps,bodyweight,advanced,isometric,false,true,,,Support on hands;Legs straight out parallel;Hold position;Gymnastics move;Full body tension,,,advanced;isometric;gymnastics;skill-based
dragon-flag,Dragon Flag,core,abs,lats;hip-flexors,bench,expert,pull,false,true,,,Hold bench behind head;Lower body as unit;Keep straight;Extremely difficult;Made famous by Bruce Lee,,,expert;full-body;legendary
cable-crunch,Cable Crunch,core,abs,,cable,beginner,pull,false,false,,,Kneel facing cable;Rope at head level;Crunch down;Can load heavy;Constant tension,,,beginner-friendly;weighted;constant-tension
cable-wood-chop,Cable Wood Chop,core,obliques,abs,cable,beginner,rotation,false,false,,,Pull cable diagonally across body;Rotation movement;Functional;Oblique emphasis,,,beginner-friendly;obliques;functional
cable-pallof-press,Cable Pallof Press,core,abs;obliques,,cable,beginner,anti-rotation,false,false,,,Stand sideways to cable;Press hands forward;Resist rotation;Anti-rotation exercise;Core stability,,,beginner-friendly;anti-rotation;stability
cable-russian-twist,Cable Russian Twist,core,obliques,abs,cable,beginner,rotation,false,false,,,Seated or standing;Rotate cable across body;Constant tension version,,,obliques;constant-tension
decline-sit-up-weighted,Decline Sit-up (Weighted),core,abs,hip-flexors,bench;plate,intermediate,push,false,false,,,Decline bench;Hold weight on chest;Increased difficulty;Full range sit-up,,,weighted;progression
medicine-ball-slam,Medicine Ball Slam,core,abs,shoulders;lats,medicine-ball,beginner,push,false,true,,,Lift ball overhead;Slam down forcefully;Explosive;Full body engagement;Great for power,,,explosive;full-body;power
medicine-ball-russian-twist,Medicine Ball Russian Twist,core,obliques;abs,,medicine-ball,beginner,rotation,false,false,,,Hold medicine ball;Rotate side to side;Weighted version,,,weighted;obliques
ab-wheel-rollout-weighted,Ab Wheel Rollout (Weighted),core,abs,shoulders;lats,ab-wheel;plate,expert,push,false,true,,,Weighted vest or plate on back;Advanced progression;Extreme difficulty,,,expert;weighted;progression
weighted-plank,Weighted Plank,core,abs,shoulders,plate,intermediate,isometric,false,false,,,Plate on back;Forearm plank;Increased resistance,,,isometric;weighted;progression
landmine-180s,Landmine 180s,core,obliques;abs,shoulders,barbell,intermediate,rotation,false,true,,,Barbell in landmine;Rotate barbell 180 degrees;Oblique emphasis;Dynamic movement,,,obliques;rotation;explosive
ab-crunch-machine,Ab Crunch Machine,core,abs,,machine,beginner,push,false,false,,,Adjust weight;Crunch forward;Fixed path;Beginner-friendly,,,beginner-friendly;machine;weighted
torso-rotation-machine,Torso Rotation Machine,core,obliques,abs,machine,beginner,rotation,false,false,,,Seated;Rotate torso side to side;Oblique focus;Use controlled movements,,,beginner-friendly;machine;obliques
captains-chair-leg-raise,Captain's Chair Leg Raise,core,abs,hip-flexors,machine,beginner,pull,false,false,,,Back against pad;Forearms on supports;Raise knees or legs;Lower abs focus,,,beginner-friendly;machine;lower-abs
side-plank-hip-dip,Side Plank with Hip Dip,core,obliques,abs,bodyweight,intermediate,push,true,false,,,Side plank position;Lower hip to ground;Raise back up;Dynamic oblique work,,,bodyweight;unilateral;dynamic
oblique-crunch,Oblique Crunch,core,obliques,abs,bodyweight,beginner,push,true,false,,,Lie on side;Crunch up laterally;Isolates obliques,,,bodyweight;beginner-friendly;unilateral;isolation
side-crunch,Side Crunch,core,obliques,,bodyweight,beginner,push,true,false,,,Crunch to side;Elbow to hip;Oblique isolation,,,bodyweight;beginner-friendly;isolation
cable-wood-chop-high-to-low,Cable Wood Chop (High to Low),core,obliques,abs,cable,beginner,rotation,false,false,,,High cable position;Pull diagonally down;Rotation movement;Functional,,,beginner-friendly;rotation;functional
cable-wood-chop-low-to-high,Cable Wood Chop (Low to High),core,obliques,abs,cable,beginner,rotation,false,false,,,Low cable position;Pull diagonally up;Opposite angle,,,beginner-friendly;rotation;functional
cable-side-bend,Cable Side Bend,core,obliques,,cable,beginner,push,true,false,,,Low cable;Bend to side away from cable;Oblique stretch and contraction,,,beginner-friendly;isolation;unilateral
dumbbell-side-bend,Dumbbell Side Bend,core,obliques,,dumbbell,beginner,push,true,false,,,Dumbbell in one hand;Bend to side;Control movement;Oblique isolation,,,beginner-friendly;isolation;unilateral
hanging-oblique-raise,Hanging Oblique Raise,core,obliques,abs,pull-up-bar,advanced,pull,false,false,,,Hang from bar;Raise knees to side;Alternate sides;Oblique emphasis,,,advanced;hanging
suitcase-carry,Suitcase Carry,core,obliques,abs;forearms;traps,dumbbell,beginner,carry,true,true,,,Heavy weight in one hand;Walk;Resist leaning;Anti-lateral flexion;Functional,,,functional;anti-lateral;unilateral;carry
back-extension-45-degree,Back Extension (45-Degree),core,lower-back,glutes;hamstrings,machine,beginner,hinge,false,true,,,Hips on pad;Hinge at hips;Extend back up;Squeeze glutes at top;Don't hyperextend,,,beginner-friendly;lower-back-focus;fundamental
back-extension-horizontal,Back Extension (Horizontal),core,lower-back,glutes;hamstrings,machine,beginner,hinge,false,true,,,Parallel to floor;Similar to 45-degree but different angle,,,beginner-friendly;lower-back-focus
reverse-hyperextension,Reverse Hyperextension,core,lower-back;glutes,hamstrings,machine,beginner,hinge,false,true,,,Torso on pad;Lift legs behind;Great for lower back health;Decompresses spine,,,beginner-friendly;glute-emphasis;spine-health
superman,Superman,core,lower-back,glutes,bodyweight,beginner,isometric,false,false,,,Lie face down;Lift arms and legs;Hold position;Lower back activation,,,bodyweight;beginner-friendly;isometric;activation
barbell-wrist-curl,Barbell Wrist Curl,arms,forearms,,barbell,beginner,pull,false,false,,,Forearms on bench;Palms up;Curl wrists up;Flexor emphasis,,,isolation;forearm-focus;beginner-friendly
barbell-reverse-wrist-curl,Barbell Reverse Wrist Curl,arms,forearms,,barbell,beginner,pull,false,false,,,Forearms on bench;Palms down;Extend wrists up;Extensor emphasis,,,isolation;forearm-focus;beginner-friendly
dumbbell-wrist-curl,Dumbbell Wrist Curl,arms,forearms,,dumbbell,beginner,pull,false,false,,,Forearms on thighs;Palms up;Curl wrists,,,isolation;forearm-focus;beginner-friendly
dumbbell-reverse-wrist-curl,Dumbbell Reverse Wrist Curl,arms,forearms,,dumbbell,beginner,pull,false,false,,,Forearms on thighs;Palms down;Extend wrists up,,,isolation;forearm-focus;beginner-friendly
dumbbell-radial-deviation,Dumbbell Radial Deviation,arms,forearms,,dumbbell,beginner,pull,true,false,,,Thumb at top of dumbbell;Move wrist toward thumb side;Targets brachioradialis,,,isolation;unilateral;grip-health
dumbbell-ulnar-deviation,Dumbbell Ulnar Deviation,arms,forearms,,dumbbell,beginner,pull,true,false,,,Pinky at top of dumbbell;Move wrist toward pinky side;Complements radial deviation,,,isolation;unilateral;grip-health
farmers-walk,Farmers Walk,full-body,forearms;traps,abs;obliques;calves,dumbbell,beginner,carry,false,true,,,Heavy weights in each hand;Walk with good posture;Grip endurance;Full body exercise,,,functional;grip-training;full-body;carry
plate-pinch-hold,Plate Pinch Hold,arms,forearms,,plate,intermediate,isometric,false,false,,,Pinch plates between fingers and thumb;Hold for time;Builds pinch grip strength,,,isometric;grip-training;time-based
fat-grip-barbell-hold,Fat Grip Barbell Hold,arms,forearms,,barbell,intermediate,isometric,false,false,,,Use fat grips or thick bar;Hold heavy weight;Increases grip challenge,,,isometric;grip-training;time-based
dead-hang,Dead Hang,arms,forearms,lats;shoulders,pull-up-bar,beginner,isometric,false,false,,,Hang from bar;Relax shoulders;Hold for time;Great for grip and shoulder health,,,bodyweight;isometric;grip-training;shoulder-health
towel-pull-up,Towel Pull-up,back,lats;forearms,biceps,pull-up-bar,advanced,pull,false,true,,,Towels over bar;Grip towels;Pull up;Extreme grip challenge,,,advanced;grip-training;bodyweight
gripper-squeeze,Gripper Squeeze,arms,forearms,,bodyweight,beginner,pull,true,false,,,Use hand gripper;Squeeze closed;Various resistances available;Builds crushing grip,,,isolation;grip-training;unilateral
wrist-roller,Wrist Roller,arms,forearms,shoulders,bodyweight,intermediate,pull,false,false,,,Roll weight up and down;Wrist roller device;Continuous forearm work;Old-school exercise,,,forearm-focus;endurance;old-school
clean-and-jerk,Clean and Jerk,olympic,quads;glutes;shoulders,hamstrings;traps;triceps;abs,barbell,expert,olympic,false,true,,,Pull from floor to shoulders;Then jerk overhead;Olympic competition lift;Requires coaching;Full body power,,,olympic;expert;full-body;explosive;skill-based
snatch-full,Snatch (Full),olympic,quads;glutes;shoulders,hamstrings;traps;abs;upper-back,barbell,expert,olympic,false,true,,,Pull from floor to overhead in one motion;Catch in squat;Most technical lift;Olympic competition lift,,,olympic;expert;full-body;explosive;skill-based
power-clean,Power Clean,olympic,quads;glutes;traps,hamstrings;shoulders;abs,barbell,advanced,olympic,false,true,,,Pull from floor to shoulders;Catch in partial squat;Explosive power;Easier than full clean,,,olympic;explosive;full-body;power
power-snatch,Power Snatch,olympic,quads;glutes;shoulders,hamstrings;traps;upper-back,barbell,advanced,olympic,false,true,,,Pull to overhead;Catch in partial squat;Explosive;Easier than full snatch,,,olympic;explosive;full-body;power
hang-clean,Hang Clean,olympic,quads;glutes;traps,hamstrings;shoulders,barbell,advanced,olympic,false,true,,,Start from hang position (above knee);Pull to shoulders;Teaches second pull;Easier starting position,,,olympic;explosive;teaching-progression
hang-snatch,Hang Snatch,olympic,quads;glutes;shoulders,traps;hamstrings,barbell,advanced,olympic,false,true,,,Start from hang;Pull to overhead;Focuses on explosive second pull,,,olympic;explosive;teaching-progression
clean-pull,Clean Pull,olympic,traps;quads;glutes,hamstrings;lower-back,barbell,intermediate,pull,false,true,,,Pull motion without catch;Builds pulling strength;Shrug at top;Teaching exercise,,,olympic-derivative;strength;teaching-progression
snatch-pull,Snatch Pull,olympic,traps;quads;glutes,hamstrings;shoulders,barbell,intermediate,pull,false,true,,,Wide grip;Pull motion without catch;Builds snatch pulling strength,,,olympic-derivative;strength;teaching-progression
clean-high-pull,Clean High Pull,olympic,traps;shoulders,quads;glutes,barbell,intermediate,pull,false,true,,,Pull bar high to chest;Elbows high;Explosive;More upright than clean pull,,,olympic-derivative;explosive;trap-emphasis
snatch-high-pull,Snatch High Pull,olympic,traps;shoulders,quads;glutes,barbell,intermediate,pull,false,true,,,Wide grip;Pull high;Elbows high and wide,,,olympic-derivative;explosive;trap-emphasis
push-jerk,Push Jerk,olympic,shoulders;quads,triceps;abs,barbell,advanced,push,false,true,,,Bar at shoulders;Dip and drive;Press under bar;Catch in partial squat,,,olympic;explosive;overhead
split-jerk,Split Jerk,olympic,shoulders;quads,triceps;abs,barbell,expert,push,false,true,,,Dip and drive;Split legs front and back;Catch overhead;Most common jerk variation,,,olympic;expert;explosive;skill-based
muscle-snatch,Muscle Snatch,olympic,shoulders;traps,upper-back;triceps,barbell,advanced,pull,false,true,,,Pull to overhead without squat;Strict pull;Teaching exercise;Builds pulling strength,,,olympic-derivative;teaching-progression;strength
muscle-clean,Muscle Clean,olympic,traps;shoulders,upper-back;quads,barbell,advanced,pull,false,true,,,Pull to shoulders without squat;Strict pull;Teaching exercise,,,olympic-derivative;teaching-progression;strength
burpee,Burpee,full-body,quads;chest;shoulders,abs;glutes;triceps,bodyweight,beginner,plyometric,false,true,,,Squat down;Jump back to plank;Push-up;Jump forward;Jump up;Full body cardio,,,bodyweight;cardio;full-body;conditioning
thruster-barbell,Thruster (Barbell),full-body,quads;shoulders,glutes;triceps;abs,barbell,intermediate,push,false,true,,,Front squat;Drive up;Press overhead;Continuous motion;CrossFit staple,,,full-body;conditioning;explosive
thruster-dumbbell,Thruster (Dumbbell),full-body,quads;shoulders,glutes;triceps,dumbbell,intermediate,push,false,true,,,Squat with dumbbells at shoulders;Drive up and press;Full body movement,,,full-body;conditioning
man-maker,Man Maker,full-body,chest;quads;shoulders,lats;abs;triceps,dumbbell,advanced,push,false,true,,,Push-up on dumbbells;Row each side;Clean to shoulders;Press overhead;Brutal full body exercise,,,full-body;advanced;conditioning;complex
turkish-get-up-kettlebell,Turkish Get-up (Kettlebell),full-body,shoulders;abs;quads,obliques;glutes,kettlebell,advanced,push,true,true,,,Lie down with weight overhead;Stand up;Reverse back down;Complex movement;Multiple positions;Requires practice,,,full-body;unilateral;skill-based;stability;functional
turkish-get-up-dumbbell,Turkish Get-up (Dumbbell),full-body,shoulders;abs;quads,obliques;glutes,dumbbell,advanced,push,true,true,,,Same as kettlebell version;Dumbbell alternative,,,full-body;unilateral;skill-based;stability
kettlebell-swing,Kettlebell Swing,full-body,glutes;hamstrings,lower-back;shoulders;abs,kettlebell,intermediate,hinge,false,true,,,Hip hinge;Explosive hip drive;Swing to eye level;Posterior chain power;Cardio element,,,explosive;posterior-chain;conditioning;fundamental
kettlebell-goblet-squat,Kettlebell Goblet Squat,full-body,quads;glutes,abs,kettlebell,beginner,squat,false,true,,,Hold kettlebell at chest;Squat deep;Great teaching tool,,,beginner-friendly;teaching-tool
kettlebell-snatch,Kettlebell Snatch,full-body,shoulders;glutes;hamstrings,traps;abs,kettlebell,advanced,olympic,true,true,,,Swing kettlebell overhead in one motion;Catch at top;Requires technique;Explosive,,,unilateral;explosive;skill-based;conditioning
kettlebell-clean,Kettlebell Clean,full-body,glutes;hamstrings;shoulders,traps;abs,kettlebell,intermediate,olympic,true,true,,,Swing to rack position at shoulder;Explosive hip drive;Clean catch,,,unilateral;explosive;skill-based
battle-ropes,Battle Ropes,full-body,shoulders;abs,forearms;traps,bodyweight,beginner,push,false,true,,,Hold heavy ropes;Create waves;Various patterns;Conditioning focus,,,conditioning;cardio;full-body;endurance
sled-push,Sled Push,full-body,quads;glutes,calves;abs;shoulders,sled,beginner,push,false,true,,,Push sled forward;Drive with legs;Lean forward;Great for conditioning;Low injury risk,,,conditioning;full-body;low-impact;functional
sled-pull,Sled Pull,full-body,quads;glutes;upper-back,hamstrings;biceps,sled,beginner,pull,false,true,,,Pull sled toward you;Walk backward;Various pulling angles;Full body conditioning,,,conditioning;full-body;functional
tire-flip,Tire Flip,full-body,quads;glutes;upper-back,hamstrings;shoulders;abs,bodyweight,advanced,push,false,true,,,Squat under tire;Drive up and flip;Explosive full body;Strongman exercise,,,full-body;explosive;strongman;conditioning
box-jump,Box Jump,full-body,quads;glutes,calves;hamstrings,box,intermediate,plyometric,false,true,,,Jump onto box;Land softly;Full hip extension at top;Step down;Power development,,,plyometric;explosive;power
broad-jump,Broad Jump,full-body,quads;glutes,hamstrings;calves,bodyweight,beginner,plyometric,false,true,,,Jump forward for distance;Swing arms;Land with control;Power testing and training,,,bodyweight;plyometric;explosive;power
prowler-push,Prowler Push,full-body,quads;glutes,calves;shoulders;abs,sled,beginner,push,false,true,,,Push weighted sled;Sprint or slow push;Various handle heights;Brutal conditioning,,,conditioning;full-body;strength-endurance
standing-hamstring-stretch,Standing Hamstring Stretch,stretching,hamstrings,,bodyweight,beginner,isometric,false,false,,,Bend forward at hips;Keep legs straight;Reach toward toes;Hold stretch,,,flexibility;mobility;recovery
seated-hamstring-stretch,Seated Hamstring Stretch,stretching,hamstrings,,bodyweight,beginner,isometric,false,false,,,Sit with legs straight;Reach forward;Hold stretch,,,flexibility;mobility;recovery
quad-stretch-standing,Quad Stretch (Standing),stretching,quads,hip-flexors,bodyweight,beginner,isometric,true,false,,,Stand on one leg;Pull other foot to glute;Keep knees together;Hold,,,flexibility;mobility;unilateral
hip-flexor-stretch,Hip Flexor Stretch,stretching,hip-flexors,quads,bodyweight,beginner,isometric,true,false,,,Lunge position;Back knee down;Push hips forward;Upright torso,,,flexibility;mobility;unilateral
pigeon-pose,Pigeon Pose,stretching,glutes,hip-flexors,bodyweight,intermediate,isometric,true,false,,,Front leg bent;Back leg extended;Sink hips down;Yoga pose;Deep hip stretch,,,flexibility;mobility;yoga;unilateral
cat-cow-stretch,Cat-Cow Stretch,stretching,lower-back;abs,,bodyweight,beginner,push,false,false,,,On hands and knees;Arch back (cow);Round back (cat);Spinal mobility,,,flexibility;mobility;yoga;spine-health
childs-pose,Child's Pose,stretching,lower-back,shoulders;glutes,bodyweight,beginner,isometric,false,false,,,Sit back on heels;Arms extended forward;Forehead to ground;Relaxing pose,,,flexibility;mobility;yoga;recovery
couch-stretch,Couch Stretch,stretching,hip-flexors;quads,,bodyweight,intermediate,isometric,true,false,,,Back foot on couch/wall;Front leg lunged;Upright torso;Intense hip flexor stretch,,,flexibility;mobility;unilateral;intense
worlds-greatest-stretch,World's Greatest Stretch,stretching,hip-flexors;hamstrings,glutes;shoulders,bodyweight,intermediate,push,true,true,,,Lunge position;Elbow to inside of foot;Rotate and reach up;Complex stretch sequence,,,flexibility;mobility;dynamic;warm-up
band-shoulder-dislocate,Band Shoulder Dislocate,stretching,shoulders,chest,bands,beginner,pull,false,false,,,Hold band wide;Rotate overhead behind back;Return forward;Shoulder mobility,,,flexibility;mobility;shoulder-health;warm-up
wall-chest-stretch,Wall Chest Stretch,stretching,chest,shoulders,bodyweight,beginner,isometric,true,false,,,Arm against wall;Turn body away;Various angles;Hold stretch,,,flexibility;mobility;unilateral
doorway-chest-stretch,Doorway Chest Stretch,stretching,chest,shoulders,bodyweight,beginner,isometric,false,false,,,Arms in doorframe;Step forward;Deep chest stretch,,,flexibility;mobility;posture
lat-stretch,Lat Stretch,stretching,lats,,bodyweight,beginner,isometric,true,false,,,Reach overhead;Lean to side;Pull arm across;Feel stretch in lat,,,flexibility;mobility;unilateral
spinal-twist-seated,Spinal Twist (Seated),stretching,obliques;lower-back,,bodyweight,beginner,rotation,false,false,,,Sit with legs crossed;Rotate torso;Use arm for leverage;Spinal mobility,,,flexibility;mobility;yoga;spine-health
treadmill-running,Treadmill Running,cardio,quads;hamstrings;calves,glutes,cardio-machine,beginner,push,false,true,,,Maintain pace;Proper running form;Adjust speed and incline;Cardiovascular endurance,,,cardio;endurance;beginner-friendly
treadmill-walking,Treadmill Walking,cardio,quads;calves,hamstrings;glutes,cardio-machine,beginner,push,false,true,,,Steady pace;Good for recovery;Low impact,,,cardio;low-impact;beginner-friendly;recovery
treadmill-incline-walking,Treadmill Incline Walking,cardio,glutes;hamstrings;calves,quads,cardio-machine,beginner,push,false,true,,,Steep incline;Maintain upright posture;Glute emphasis;Low impact but challenging,,,cardio;low-impact;glute-emphasis
stationary-bike,Stationary Bike,cardio,quads,hamstrings;glutes;calves,cardio-machine,beginner,push,false,true,,,Adjust seat height;Maintain cadence;Various resistance levels;Low impact,,,cardio;low-impact;beginner-friendly;joint-friendly
assault-bike,Assault Bike,cardio,quads;shoulders,abs;glutes,cardio-machine,intermediate,push,false,true,,,Arms and legs;Fan resistance;Brutal conditioning;Full body cardio,,,cardio;full-body;conditioning;intense
rowing-machine,Rowing Machine (Erg),cardio,back;quads,hamstrings;glutes;biceps;abs,cardio-machine,beginner,pull,false,true,,,Drive with legs;Pull to chest;Proper sequence;Full body cardio;Low impact,,,cardio;full-body;low-impact;endurance
elliptical,Elliptical,cardio,quads;glutes,hamstrings;calves,cardio-machine,beginner,push,false,true,,,Smooth motion;Very low impact;Good for joint issues;Can use arms,,,cardio;low-impact;beginner-friendly;joint-friendly
stair-climber,Stair Climber,cardio,glutes;quads,hamstrings;calves,cardio-machine,beginner,push,false,true,,,Climbing motion;Don't lean on handles;Great glute work;Challenging cardio,,,cardio;glute-emphasis;endurance
jacobs-ladder,Jacob's Ladder,cardio,glutes;quads;shoulders,hamstrings;abs,cardio-machine,advanced,push,false,true,,,Ladder climbing motion;Full body engagement;Self-paced;Very challenging,,,cardio;full-body;intense;conditioning
ski-erg,Ski Erg,cardio,lats;shoulders,abs;triceps;quads,cardio-machine,intermediate,pull,false,true,,,Pulling motion;Engage core;Simulate skiing;Upper body cardio,,,cardio;upper-body;conditioning
versaclimber,VersaClimber,cardio,quads;shoulders,glutes;abs,cardio-machine,advanced,push,false,true,,,Vertical climbing;Full body;Very intense;High calorie burn,,,cardio;full-body;intense;conditioning
swimming,Swimming,cardio,lats;shoulders,abs;quads;glutes,bodyweight,intermediate,pull,false,true,,,Various strokes;Full body workout;Zero impact;Great for recovery,,,cardio;full-body;low-impact;recovery
jump-rope,Jump Rope,cardio,calves,quads;shoulders,bodyweight,beginner,plyometric,false,true,,,Light on feet;Wrist rotation;Various techniques;Great conditioning,,,cardio;conditioning;coordination;portable
running-outdoor,Running (Outdoor),cardio,quads;hamstrings;calves,glutes,bodyweight,beginner,push,false,true,,,Natural environment;Variable terrain;Fresh air;Functional cardio,,,cardio;outdoor;functional
walking-outdoor,Walking (Outdoor),cardio,quads;calves,hamstrings;glutes,bodyweight,beginner,push,false,true,,,Low intensity;Recovery activity;Fresh air;Low impact,,,cardio;low-impact;recovery;beginner-friendly
cycling-outdoor,Cycling (Outdoor),cardio,quads,hamstrings;glutes;calves,bodyweight,beginner,push,false,true,,,Variable terrain;Fresh air;Low impact;Great for distance,,,cardio;low-impact;outdoor;endurance
band-walks,Band Walks,legs,glutes,hip-abductors,resistance-band,beginner,accessory,false,false,,,Keep tension in band;Maintain athletic stance;Take controlled steps;Keep knees aligned over toes,,,glute-activation;warm-up
90-90-hip-openers,90/90 Hip Openers,mobility,hips,glutes,bodyweight,beginner,mobility,false,false,,,Sit with front leg at 90 degrees;Back leg at 90 degrees;Keep chest upright;Rotate between positions,,,hip-mobility;warm-up
trap-bar-deadlift,Trap Bar Deadlift,legs,quads;glutes;hamstrings,lower-back;traps,trap-bar,intermediate,pull,false,true,,,Stand in center of trap bar;Keep chest up;Push through floor;Maintain neutral spine,,,fundamental;strength
broad-jumps,Broad Jumps,legs,quads;glutes,hamstrings;calves,bodyweight,intermediate,power,false,true,,,Swing arms back;Explode forward and up;Land softly with bent knees;Absorb impact through hips,,,plyometric;power
reverse-lunges,Reverse Lunges,legs,quads;glutes,hamstrings;calves,bodyweight,beginner,lunge,true,true,,,Step back not forward;Keep front knee over ankle;Drive through front heel;Maintain upright torso,,,unilateral;strength
cossack-squat,Cossack Squat,legs,quads;glutes;adductors,hamstrings;hip-abductors,bodyweight,intermediate,squat,true,true,,,Feet wide apart;Shift weight to one side;Keep heel down;Other leg stays straight,,,mobility;unilateral;strength
light-cardio,Light Cardio,cardio,cardiovascular-system,,bodyweight;cardio-machine,beginner,cardio,false,false,,,Maintain conversational pace;Keep heart rate moderate;Focus on sustained movement;Stay within aerobic zone,,,warm-up;recovery;endurance
kneeling-hip-flexor-stretch,Kneeling Hip Flexor Stretch,mobility,hip-flexors,,bodyweight,beginner,mobility,true,false,,,Kneel on one knee;Keep back upright;Push hips forward gently;Engage glutes on kneeling side,,,hip-mobility;stretching;warm-up